state,cantidad,localidad
Puerto Rico,96,"Los Angeles, CA"
Puerto Rico,6,Dorado
Puerto Rico,13,"Englewood, Florida"
Puerto Rico,5,"San Antonio, TX"
Puerto Rico,6,"Yauco, Puerto Rico"
Puerto Rico,2,"Rio Grande Valley, Texas"
Puerto Rico,1,"Las Piedras, Peru"
Puerto Rico,2,"San Juan, Brooklyn, LA "
Puerto Rico,10,North Carolina
Massachusetts,3,"Amherst, NY"
Massachusetts,12,"Rochester, NY"
Massachusetts,2,"Huntington, WV"
Massachusetts,2,"Leeds, West Yorkshire"
Massachusetts,1,"North Plainfield, NJ"
Massachusetts,3,"Russell, KS"
Massachusetts,2,"Southampton, UK"
Massachusetts,2,South Wales
Massachusetts,8,Delaware
Massachusetts,2,"Warren, OH"
Massachusetts,1,"Williamsburg, Brooklyn"
Massachusetts,3,"Worthington, Ohio"
Massachusetts,6,"Springfield, Illinois"
Massachusetts,1,"Pittsfield, MA"
Massachusetts,1,"Glendale, Arizona"
Massachusetts,5,"Great Barrington, MA"
Massachusetts,3,"Fort Lee, NJ"
Massachusetts,11,"Monterey County, CA"
Massachusetts,9,"Richmond, VA"
Massachusetts,2,Sheffield
Massachusetts,1,"Boston, MA / Stockbridge, MA"
Massachusetts,1,Windsor& Los Angeles-Cali Life
Massachusetts,4,"Conway, AR"
Massachusetts,1,Deerfield
Massachusetts,1,Bexleyheath
Massachusetts,5,"Orange County, CA"
Massachusetts,1,"Wendell, NC"
Massachusetts,1,"Westminster, CO"
Massachusetts,3,Harvard Professor & MD
Massachusetts,4,"Littleton, CO"
Massachusetts,1,"Port Townsend, WA"
Massachusetts,1,"Auburn, ME"
Massachusetts,2,"West Berlin, NJ"
Massachusetts,2,"Brookfield, WI"
Massachusetts,1,"Clinton, CT "
Massachusetts,3,"Douglaston, NY"
Massachusetts,1,"millville,nj"
Massachusetts,6,"Oxford, MS"
Massachusetts,5,"Princeton, NJ"
Massachusetts,2,"Sterling Heights, MI"
Massachusetts,1,"Webster Groves, MO"
Massachusetts,2,"Worcester, UK"
Massachusetts,6,"Bedford, NH"
Massachusetts,1,"Rhode Island-Concord, NC-DMV"
Massachusetts,3,"Hastings on Hudson, NY"
Massachusetts,2,milford.
Massachusetts,1,"Natick, MA, USA"
Massachusetts,1,"Southborough, Massachusetts"
Massachusetts,2,"Lincoln, NE"
Massachusetts,5,"Doylestown, PA"
Massachusetts,1,"Wayland, MA USA"
Massachusetts,4,"Burlington, MA"
Massachusetts,1,"Chelmsford, MA"
Massachusetts,5,"Lawrence, MA"
Massachusetts,2,"Lowell, Ma"
Massachusetts,1,Merrimack NH
Massachusetts,5,Buffalo NY/ Pinehurst NC
Massachusetts,1,Reading MA
Massachusetts,5,#Westford #marketing 
Massachusetts,3,"Wilmington, North Carolina"
Massachusetts,1,"Winchester, MA"
Massachusetts,1,"Lynn, MA"
Massachusetts,1,"Beverly Hills, CA 90212"
Massachusetts,3,"Gloucester, MA"
Massachusetts,1,"Hamilton, Ohio"
Massachusetts,12,Manchester
Massachusetts,1,"Marblehead, MA"
Massachusetts,1,"Salisbury, MD"
Massachusetts,1,"Crowley, Louisiana"
Massachusetts,4,"Winston-Salem, NC"
Massachusetts,2,"Bellingham, WA"
Massachusetts,6,"Canton, MA"
Massachusetts,7,"Franklin, TN"
Massachusetts,1,"Hingham, MA"
Massachusetts,1,"Medway, MA"
Massachusetts,1,"Norfolk, VA"
Massachusetts,1,"Unley Oval, Norwood SA"
Massachusetts,1,"Scituate, MA"
Massachusetts,1,"Stoughton, MA"
Massachusetts,157,"Boston, MA"
Massachusetts,3,"Roxbury Crossing, MA"
Massachusetts,1,"Charlestown, MA"
Massachusetts,5,"Brighton, UK"
Massachusetts,21,"Cambridge, MA"
Massachusetts,3,"Somerville, MA"
Massachusetts,2,"Malden, MA"
Massachusetts,1,Everett
Massachusetts,1,REVERE MA
Massachusetts,2,"Medford, MA"
Massachusetts,3,"Quincy, Ma by way of The #413"
Massachusetts,1,"Milton, Massachusetts"
Massachusetts,1,"Easton,Ma"
Massachusetts,1,Elmwood Park 
Massachusetts,3,"Halifax, Nova Scotia, Canada"
Massachusetts,1,"Hanover, Maryland"
Massachusetts,2,"Great Abington, Cambridge, GB"
Massachusetts,3,"Plymouth,  MA"
Massachusetts,6,"Kingston, Canada"
Massachusetts,7,Lexington
Massachusetts,1,"Brookline, Massachusetts"
Massachusetts,6,"Waltham, MA"
Massachusetts,1,"Newtonville, MA"
Massachusetts,2,"Watertown, MA"
Massachusetts,27,"Arlington, VA"
Massachusetts,11,"Wellesley, MA"
Massachusetts,2,Needham
Massachusetts,1,"Weston, CT USA"
Massachusetts,6,Nantucket
Massachusetts,1,"Centerville, Ohio"
Massachusetts,9,"New Orleans, LA"
Massachusetts,5,Provincetown Ma
Massachusetts,2,"Dartmouth, MA"
Massachusetts,1,"Chew Valley, North Somerset UK"
Massachusetts,3,"Rochester Hills, MI"
Rhode Island,1,"Barrington, Rhode Island"
Rhode Island,1,"Bristol, CT"
Rhode Island,5,"Charlotte, North Carolina"
Rhode Island,3,"Coventry, Connecticut"
Rhode Island,2,"East Greenwich,RI"
Rhode Island,1,"Foster City, CA"
Rhode Island,6,"Greenville, SC"
Rhode Island,3,Jamestown Virginia 
Rhode Island,2,Newport Beach
Rhode Island,1,"Middletown, CT"
Rhode Island,9,"Oakland, CA"
Rhode Island,1,"Lincoln, RI"
Rhode Island,4,"Portsmouth, NH"
Rhode Island,1,"Rockville, MD"
Rhode Island,3,"Kingston, Ontario"
Rhode Island,1,"Narragansett, Rhode Island"
Rhode Island,15,"Providence, RI"
New Hampshire,2,Rochester NY
New Hampshire,5,"Fremont, California"
New Hampshire,1,#yeahTHATgreenville SC
New Hampshire,2,"Hudson Valley, NY"
New Hampshire,2,"Nashua, NH"
New Hampshire,3,Jerusalem-London-Antwerp
New Hampshire,7,"Haverford, PA & Wilton Manors "
New Hampshire,2,"Manchester, NH"
New Hampshire,3,"Bedford, Nh"
New Hampshire,1,Bristol CT 
New Hampshire,1,"Canterbury, Kent"
New Hampshire,3,Nashville/Franklin
New Hampshire,1,#theBronx 
New Hampshire,9,Philly
New Hampshire,2,"Hillsborough, New Jersey"
New Hampshire,1,"Moultonborough, NH"
New Hampshire,1,"Plymouth, IN "
New Hampshire,150,"Washington, DC"
New Hampshire,4,"Springfield, MO"
New Hampshire,5,Nottingham
New Hampshire,3,"woodstock, Ontario, Canada"
New Hampshire,15,Somewhere over the rainbow.
New Hampshire,1,"Keene, NH"
New Hampshire,3,"Bennington, NE"
New Hampshire,3,"Dublin, Ireland"
New Hampshire,1,"Marlow, UK"
New Hampshire,4,"Troy, NY"
New Hampshire,1,Winchester | Northend Ma 
New Hampshire,1,"Littleton, NH"
New Hampshire,1,"Warsaw, Berlin, Kiev "
New Hampshire,2,"Bethlehem, PA"
New Hampshire,4,Kona coast/Boston/Milan
New Hampshire,17,"Pittsburgh, PA"
New Hampshire,6,"New Canaan, Ct"
New Hampshire,1,"Enfield, CT"
New Hampshire,1,"Hanover Twp, PA"
New Hampshire,2,"Newport Beach, CA"
New Hampshire,1,"Portsmouth, UK"
New Hampshire,2,Danville CA
New Hampshire,3,"Madbury, NH"
New Hampshire,7,"Durham, NC"
New Hampshire,2,"Farmington Hills, MI"
New Hampshire,1,Glen Burnie
New Hampshire,1,"Rochester, Michigan"
New Hampshire,3,"Hampton Roads, Virginia"
New Hampshire,6,Jacksonville
New Hampshire,2,Kingston ontario Canada
New Hampshire,6,"Madison, WI"
New Hampshire,2,Lees Summit
New Hampshire,1,"Effingham, IL"
New Hampshire,1,"Union City, CA"
Maine,156,"New York, NY"
Maine,2,"Brunswick, Ohio"
Maine,1,Denmark
Maine,3,"Harrison, New York"
Maine,22,"Long Island, NY"
Maine,8,"Naples, FL, Boston, MA"
Maine,1,scarborough ontario canada
Maine,1,pensacola
Maine,1,"Waterford, MI"
Maine,1,"Westbrook, CT"
Maine,16,"Portland, OR"
Maine,1,Canton Mass
Maine,1,"Raleigh-Durham, NC USA"
Maine,1,"East Hanover, NJ"
Maine,11,Mexico City
Maine,4,"Stavanger, Norway"
Maine,8,Bruxelle-Paris-Marseille-(BPM)
Maine,4,"Waynesville, OHIO"
Maine,2,Gdansk / Manchester
Maine,3,Richmond BC
Maine,3,"Vienna, VA"
Maine,1,"Bangor, Maine, USA"
Maine,1,Abbotsford
Maine,5,"Aurora, OH"
Maine,4,"Dallas, Burlington, Boston"
Maine,4,"Carmel, IN"
Maine,11,"Charleston, SC"
Maine,2,Birkenhead upon Hudson
Maine,1,Lee's Summit
Maine,9,"Orlando, FL "
Maine,1,"Springfield, MA"
Maine,5,"Stillwater, MN"
Maine,4,"Winnipeg, Manitoba"
Maine,2,"Newcastle, Uk"
Maine,63,"Washington, D.C."
Maine,1,key west to bar harbor
Maine,1,"Brooklin, New York"
Maine,1,"Franklin, Tennessee"
Maine,1,"Phila, Princeton, NYC. "
Maine,1,"Austin, TX (Easton, PA born)"
Maine,1,"Sherman Oaks, CA"
Maine,4,"Stockholm, Sweden "
Maine,2,"Branson, MO"
Maine,1,Omagh/Belfast
Maine,1,Binghamton University 
Maine,8,"Cambridge, MA, USA"
Maine,5,Finn between Detroit & Toledo
Maine,1,"Fairfield, Connecticut"
Maine,1,"Farmington, Utah"
Maine,3,"Liberty Lake, WA"
Maine,5,"Madison, NJ"
Maine,2,Buffalo/Oakland/Savannah/Ire
Maine,1,Bedford 2015 Plymouth 2019
Vermont,1,"Brownsville, Tx"
Vermont,1,"west hartford, connecticut"
Vermont,1,plymouth 
Vermont,2,Long Island/Westchester
Vermont,1,Weston super Mare
Vermont,3,Arlington VA
Vermont,1,"Manchester,CT"
Vermont,5,"Jacksonville, FL"
Vermont,5,South jamaica.. Queens
Vermont,9,"Stamford, Ct"
Vermont,1,"Vernon Hills, IL"
Vermont,3,"Wilmington, Delaware"
Vermont,3,btv
Vermont,4,"Burlington, Vermont"
Vermont,1,Cambridge MA
Vermont,16,"Charlotte, NC"
Vermont,2,"Fairfax, VA
"
Vermont,1,"fairfield county, connecticut"
Vermont,2,"Monkton, Maryland "
Vermont,2,@MontgomeryCoMD / SYR / HHI
Vermont,18,"New Haven, CT"
Vermont,2,"Richmond, Virginia"
Vermont,1,Sweden
Vermont,8,johnson city tn
Vermont,53,Washington DC
Vermont,2,"Worcester, MA "
Vermont,1,"Brandon, Mississippi"
Vermont,1,"Killington, Vt"
Vermont,2,"Middlebury, VT"
Vermont,1,"Mount Holly, NC, USA"
Vermont,2,"Pittsford, Vermont"
Vermont,1,"Rochester , N.Y"
Vermont,6,"Albany, NY"
Vermont,1,Greensboro NC
Vermont,7,New Orleans
Vermont,1,Sydney boy in Sheffield
Connecticut,1,"Burlington, Ma"
Connecticut,1,"canton mi
"
Connecticut,1,"Glastonbury, CT"
Connecticut,1,"Berlin, Germany"
Connecticut,2,Stafford VA
Connecticut,2,In First Class
Connecticut,66,"Brooklyn, NY"
Connecticut,4,"Columbia, MO"
Connecticut,2,Detroit - Hampton U.
Connecticut,5,Scotland
Connecticut,2,"Oakdale, CA"
Connecticut,1,"Branford, CT"
Connecticut,1,"West Chester, PA"
Connecticut,2,"Jerusalem, Israel"
Connecticut,3,"Madison, wi"
Connecticut,2,"Newtown, Pa"
Connecticut,1,"Orange County, Ca."
Connecticut,14,"Portland, Maine"
Connecticut,2,"Southbury, CT"
Connecticut,1,"Easton, pa"
Connecticut,3,"Stratford, CT"
Connecticut,1,Clearwater / Bethlehem
Connecticut,10,Kentucky
Connecticut,1,"Morristown, nj"
Connecticut,23,Washington D.C.
Connecticut,2,"darien, il"
Connecticut,5,"Greenwich, CT"
Connecticut,1,"Old Greenwich, CT"
Connecticut,4,"Stamford, CT"
New Jersey,1,"Clifton, NJ"
New Jersey,14,"Hoboken, NJ"
New Jersey,1,"Montclair, NJ"
New Jersey,1,"Orange, CA"
New Jersey,1,NYC/Secaucus 
New Jersey,8,"Jersey City, NJ"
New Jersey,4,"Newark, NJ"
New Jersey,10,Belleville
New Jersey,1,"Elizabeth, PA"
New Jersey,1,"Little Falls, NJ"
New Jersey,1,Oakland by way of Chicago
New Jersey,1,wishing i was in Vernon
New Jersey,4,"Fort Wayne, Indiana"
New Jersey,1,"Paramus, NJ"
New Jersey,3,"Red Bank, NJ"
New Jersey,38,"Philadelphia, PA"
New Jersey,3,"Belmar, NJ"
New Jersey,5,"Atlantic Highlands, NJ"
New Jersey,1,"Eatontown, NJ"
New Jersey,1,"Highlands Ranch, CO"
New Jersey,1,"Keyport, New Jersey"
New Jersey,3,District of Columbia
New Jersey,2,"Hopatcong, NJ"
New Jersey,2,"Lafayette, LA"
New Jersey,1,"Rockaway, NJ"
New Jersey,1,"Vienna, Austria"
New Jersey,12,"washington, dc"
New Jersey,1,"Summit, NJ"
New Jersey,1,"Berkeley Heights, NJ"
New Jersey,1,"West Chester, Pa"
New Jersey,2,"Florham Park, NJ"
New Jersey,1,"Madison, OH"
New Jersey,1,"New Vernon,  NJ"
New Jersey,1,"Beverly Hills, CA"
New Jersey,8,"Birmingham, AL"
New Jersey,1,"Blackwood, NJ"
New Jersey,15,"Columbus, Ohio"
New Jersey,1,Saskatchewan 
New Jersey,1,"Salem, NH"
New Jersey,2,"Lehigh Valley, PA"
New Jersey,1,"Northam Stand, Southampton"
New Jersey,1,"Pennsauken, NJ"
New Jersey,2,"Ocean View, Hawaii"
New Jersey,2,"Lake Buena Vista, Florida"
New Jersey,1,"Leesburg, VA, USA"
New Jersey,1,Lake Norman NC
New Jersey,1,Vineland & South Florida 
New Jersey,2,Atlantic City 
New Jersey,1,"Allentown, PA"
New Jersey,1,"Belle Mead, NJ"
New Jersey,3,"Jacksonville Beach, Florida "
New Jersey,1,"kingston, jamaica "
New Jersey,4,"Beautiful Stockton, CA"
New Jersey,1,"Lakewood, Colorado"
New Jersey,1,South Seaside Park/Puerto Rico
New Jersey,1,dayton ohio
New Jersey,1,"east brunswick, nj"
New Jersey,1,"Edison, NJ"
New Jersey,1,"Porkhampton, England"
New Jersey,1,"Hillsborough, NC"
New Jersey,1,"Houston, Tx & Old Bridge, NJ "
New Jersey,2,Hertfordshire & London
New Jersey,2,somerville nj
New Jersey,1,"New Brunswick, NJ"
US Armed Forces Europe,12,"Minneapolis, MN"
US Armed Forces Europe,1,"Gulfport, MS"
New York,127,New York
New York,3,"Staten Island, NY"
New York,5,"Bronx, NY"
New York,4,Chappaqua NY
New York,5,"Larchmont, New York"
New York,13,bonkers in Yonkers
New York,2,The Garden State
New York,1,Rochester
New York,11,Florida
New York,1,"176 Thomas Johnson Drive, #204"
New York,2,"Port Washington, NY 11050"
New York,1,The Bronx || Inwood
New York,5,"Astoria, OR"
New York,1,"Sunnyside, NY"
New York,23,Brooklyn
New York,2,Corona Del Mar
New York,2,"Forest Hills, NY"
New York,5,Jamaica
New York,2,Long Beach
New York,11,Merrick
New York,2,NYC/RVC/CHS/WASH DC
New York,1,"Roslyn, ny"
New York,2,"Amityville, NY"
New York,1,Bay Shore NY
New York,4,"Brentwood, CA"
New York,1,"Levittown, Pa"
New York,1,"Ronkonkoma, NY"
New York,2,Wading River
New York,5,#ManorvilleInExile
New York,4,Blue Ridge High School
New York,2,Amsterdam
New York,1,"Johnstown, Ohio"
New York,4,"Knoxville, TN"
New York,10,Maryland
New York,2,"Tampa / St Petersburg ,Florida"
New York,1,"Lee's Summit, MO, @CityOfLS"
New York,1,"Alvechurch, Worcestershire, UK"
New York,1,"Albany,NY"
New York,6,"Sacramento, CA"
New York,3,"Bloomington, IL"
New York,37,"Denver, CO"
New York,2,lexington KY
New York,1,"Germantown, MD"
New York,1,"Hudson, NH"
New York,1,Montgomery Al
New York,1,"Poughkeepsie,NY-Manayunk,PA"
New York,1,"Ferndale, MI"
New York,4,Harrisburg
New York,1,"Cambridge, Massachusetts"
New York,1,The Hague
New York,1,Hampton Roads
New York,1,"Winston Salem, NC"
New York,5,Saratoga Springs
New York,1,"Plattsburgh, New York"
New York,3,"Lewis Center, OH"
New York,1,"wilmington, nc"
New York,1,ClayCo ATL
New York,17,"Cleveland, OH"
New York,2,Fayetteville North Carolina
New York,7,"Liverpool, UK"
New York,17,"Memphis, TN"
New York,1,Meridian ID
New York,5,"Albuquerque, New Mexico"
New York,1,"Lake Oswego, Oregon"
New York,12,"Phoenix, AZ"
New York,1,"Chicago--Savannah--Atlanta, GA"
New York,3,Syracuse
New York,2,"Bavaria, Germany"
New York,1,"Martinsburg,WV"
New York,1,Canton MA
New York,1,"Helena-West Helena, AR"
New York,1,"Henderson,NV"
New York,1,"Madrid, EspaÃ±a"
New York,13,Philadelphia
New York,1,"Potsdam, NY"
New York,1,"Redwood City, CA"
New York,1,New Delhi
New York,1,Kirkwood Missouri
New York,8,Maine
New York,2,By mile 3 of the NYC Marathon
New York,5,"Akron, Ohio"
New York,62,Boston
New York,2,Brantford
New York,1,"Centerville, TN"
New York,3,Ft Collins 
New York,11,Fort Lauderdale
New York,1,"Dayton, Ohio"
New York,2,"Gainesville, Fl"
New York,2,"Grand Island, Nebraska, USA"
New York,2,Irving Texas
New York,3,"Lockport, NY"
New York,1,North Tonawanda
New York,1,"Orchard Park, NY"
New York,2,Cleveland/Sandusky
New York,2,Tonawanda NY
New York,11,"Buffalo, NY"
New York,1,"Bergen, Norway"
New York,1,"G-Town, Geneva NY"
New York,1,"Hilton Head, SC"
New York,1,Honeoye Falls
New York,1,"Lexington, Kentucky"
New York,3,"Lima, OH"
New York,4,"Livonia, MI"
New York,1,"Morton, IL"
New York,1,"Naples, Fl"
New York,4,"Newark, DE"
New York,8,"Toronto, Ontario, Canada"
New York,1,"Providence, Rhode Island"
New York,1,"Roseville, CA"
New York,2,Downtown Victoria
New York,1,between Warsaw and London
New York,1,Williamson West Virginia
New York,96,New York City
New York,45,"Nashville, TN"
New York,1,Belfast/Boston
New York,1,Leon. De los aldamas
New York,1,"Olean, NY"
New York,1,"ohio,panama"
New York,6,"Portland, Oregon"
New York,1,"Stockton, CA"
New York,1,"Queenstown, MD"
New York,25,"Atlanta, GA"
New York,1,"Campbell, CA"
New York,1,Proud to say I'm from Dundee
New York,2,Wandering So-Cal-ian
New York,3,Huntsville AL USA
New York,2,"Ithaca, NY"
New York,3,"Jacksonville Beach, FL"
New York,2,East Lansing
New York,2,"Waynesboro, VA"
New York,5,"Elmira, NY"
Pennsylvania,1,"Cambridge, Ma"
Pennsylvania,4,Beavercreek Ohio
Pennsylvania,1,"Wexford, PA"
Pennsylvania,1,"South Park, Pa"
Pennsylvania,6,Pittsburgh
Pennsylvania,4,"Washington, DC via Boston"
Pennsylvania,1,"Greensboro, NC"
Pennsylvania,1,Tampa FL & Hendersonville NC
Pennsylvania,1,"Old Hickory, TN"
Pennsylvania,35,"Houston, TX"
Pennsylvania,19,California
Pennsylvania,5,Any Martin Luther St.
Pennsylvania,4,The Republic of Texas
Pennsylvania,2,"Boynton Beach, FL"
Pennsylvania,4,Orleans/Tarpon Springs/London
Pennsylvania,1,VFILES DJ CHAMPION
Pennsylvania,2,"Hutchinson, KS"
Pennsylvania,1,Mammoth Lakes 
Pennsylvania,14,Pennsylvania
Pennsylvania,15,United States
Pennsylvania,11,Indianapolis
Pennsylvania,2,"Pirate Isle, Arcadia"
Pennsylvania,3,"Off: NYC, Home: Hoboken, NJ"
Pennsylvania,1,Ohio & Kentucky
Pennsylvania,1,"Belton, Tx"
Pennsylvania,2,Eau Claire
Pennsylvania,4,"Parkersburg, WV"
Pennsylvania,2,Edinburgh
Pennsylvania,1,violet crown
Pennsylvania,1,Castellon & Daytona Beach FL
Pennsylvania,4,Knoxville
Pennsylvania,1,Cranberry 16066/Bonita Springs
Pennsylvania,12,Irvine
Pennsylvania,1,"Reno, NV, USA, Earth, Sol"
Pennsylvania,32,Logan International Airport
Pennsylvania,13,"Columbus, OH"
Pennsylvania,8,"Salt Lake City, UT"
Pennsylvania,1,"Springboro, Ohio"
Pennsylvania,2,"Erie, PA"
Pennsylvania,13,"Alexandria, VA"
Pennsylvania,7,Nashville by way of New York
Pennsylvania,4,Glasgow
Pennsylvania,1,St. Petersburg
Pennsylvania,8,"Queens, New York"
Pennsylvania,1,"Williamsburg, VA"
Pennsylvania,7,North Hollywood
Pennsylvania,64,"Austin, TX"
Pennsylvania,3,"Spokane, Washington"
Pennsylvania,1,Dixie State College
Pennsylvania,1,"Albany, New York"
Pennsylvania,1,Gainesville GA
Pennsylvania,8,Southeastern Pennsylvania USA
Pennsylvania,5,"Fredericksburg, VA"
Pennsylvania,1,"Halifax, Nova Scotia"
Pennsylvania,1,"Hershey, PA "
Pennsylvania,3,Liverpool
Pennsylvania,4,New Mexico
Pennsylvania,4,"Mill Creek, WA"
Pennsylvania,1,"Honolulu, Hawaii"
Pennsylvania,1,Glasgow / Scotland
Pennsylvania,31,"New York, New York"
Pennsylvania,2,"Bartlesville, OK"
Pennsylvania,2,"Columbia, SC"
Pennsylvania,14,Denver
Pennsylvania,3,Singapore
Pennsylvania,3,"Pony Paradise, VA"
Pennsylvania,4,Silver Spring
Pennsylvania,1,"Williamsport, Pa"
Pennsylvania,1,"north bend, wa"
Pennsylvania,3,Bentonville  Arkansas
Pennsylvania,1,"Herndon, VA"
Pennsylvania,2,Sacramento
Pennsylvania,5,West Palm
Pennsylvania,5,"Gilbert, AZ"
Pennsylvania,5,"Portland, Orygun"
Pennsylvania,1,The Road to Damascus
Pennsylvania,1,"Forest City, IA"
Pennsylvania,54,"Dallas, TX"
Pennsylvania,2,"Falls Church, VA"
Pennsylvania,4,brooklyn
Pennsylvania,2,Jacksonville Florida
Pennsylvania,1,ig; tannersayre
Pennsylvania,2,"Dublin, Ireland "
Pennsylvania,2,"Forest Grove, OR"
Pennsylvania,2,Cheltenham
Pennsylvania,2,Philadelphia Suburbs
Pennsylvania,1,Where Music meets Visual Media
Pennsylvania,2,"Wayne, NJ"
Pennsylvania,7,"Havertown, Pa."
Pennsylvania,1,"Berwyn, PA"
Pennsylvania,2,Southeastern United States
Pennsylvania,1,"Frederick, MD"
Pennsylvania,2,"Phoenixville, PA"
Pennsylvania,1,"Bechtelsville, PA"
Pennsylvania,1,"Robesonia, PA"
Delaware,1,where the Bulls/Bears play.
Delaware,1,"Newark, Ohio"
Delaware,1,"Wilmington, NC"
Delaware,20,Houston
Delaware,9,"Lewes, DE, USA"
"Washington, D.C.",3,"Washington, D.C. "
Virginia,1,Aldie va
Virginia,1,Manassas VA
Virginia,1,"Centreville, VA"
Virginia,5,new orleans
Virginia,2,Paris
Virginia,6,"Purcellville, VA"
Virginia,3,"Ashburn, VA"
Virginia,1,"Leesburg, VA"
Maryland,3,Bushwood
Maryland,11,"Los Angeles, California"
Maryland,1,COMPTON/AZ
Maryland,2,"Hollywood, CA"
Maryland,3,"Ocean Ridge, FL"
Maryland,2,"Midlothian, Virginia"
Maryland,1,"Brentwood, Tennesse, USA"
Maryland,1,From Capitol Heights With Love
Maryland,3,"College Park, MD"
Maryland,2,"North Bethesda, MD"
Maryland,1,"Rockville, Maryland"
Maryland,1,Bahhhston.
Maryland,1,MA // Ashton in Wonderland
Maryland,1,"Kensington, MD"
Maryland,1,"Silver Spring, MD"
Maryland,1,Aberdeen
Maryland,1,"Ellicott City, Maryland"
Maryland,1,"West Columbia,SC"
Maryland,1,"Grand Forks, ND"
Maryland,2,"Kingsville, TX"
Maryland,3,"Crofton, Maryland"
Maryland,1,"Pasadena, CA"
Maryland,7,Phoenix AZ
Maryland,2,Wall Street â¢ Manhattan â¢ NYC 
Maryland,16,"Baltimore, MD"
Maryland,4,"Brooklyn, NY and all over."
Maryland,1,"Annapolis, MD USA"
Maryland,1,"Bloomington, MN"
Maryland,1,luke.asper@gmail.com
Maryland,1,"Midlothian, TX
"
Maryland,1,"oakland , ca"
Maryland,1,"Cambridge, MA, USA, Earth"
Maryland,1,"Denton County, Texas"
Maryland,2,"Goldsboro, NC"
Maryland,3,Trapped in Baltimore.
Maryland,1,"Mount Airy, NC"
Maryland,1,"Woodsboro, TX"
Maryland,4,"Allen, TX"
Maryland,1,Newark NJ 
Maryland,19,Colorado
Virginia,3,"Dumfries, Virginia"
Virginia,2,"Research Triangle Park, N.C."
Virginia,2,Arlington Virginia
Virginia,6,Fort Myers
Virginia,2,"alexandria, va"
Virginia,29,New Jersey
Virginia,2,"Kilmarnock, now Edinburgh. "
Virginia,1,"East Village, New York City"
Virginia,1,Warsaw
Virginia,3,"Bentonville, Arkansas"
Virginia,7,"Boston, Austin, Kansas City "
Virginia,1,soundcloud.com/ibhoody 
Virginia,1,"Monterrey, Nuevo Leon"
Virginia,3,"Brevard, NC"
Virginia,3,WashingtonDC
Virginia,8,"Charlottesville, VA"
Virginia,1,Orange County
Virginia,8,Arkansas
Virginia,1,"Columbia, Mo."
Virginia,1,JAMAICA&USA
Virginia,1,"midlothian, tx"
Virginia,8,Blue Area of the Moon
Virginia,12,Northern Virginia
Virginia,1,"Portland, Zurich, Richmond"
Virginia,8,"Wake Forest, NC"
Virginia,2,Chesapeake Bay watershed
Virginia,2,"Suffolk County, New York"
Virginia,4,"Virginia Beach, VA"
Virginia,1,Kanasa City
Virginia,1,Portsmouth UK
Virginia,4,"Innisfail, Alberta"
Virginia,5,"Rossford, Ohio"
Virginia,1,"Victoria, BC, Canada"
Virginia,1,â Check â out â my blog â
Virginia,2,Dublin Raised | Brooklyn Based
Virginia,1,New River AZ
Virginia,1,"Pilot Point, Republic of Texas"
Virginia,1,Radford HS
Virginia,1,"Rocky Mountains, Colorado USA"
Virginia,1,"Winston Salem, NC, USA"
Virginia,2,Been inside your mum since '92
Virginia,11,"Cleveland, Ohio"
Virginia,1,saint paul
Virginia,15,"Ottawa, Canada"
Virginia,4,eating curly fries w/ the wife
Virginia,7,A galaxy far far away
Virginia,2,"Independence, MO"
Virginia,2,"Lexington, Ky"
Virginia,1,"Clover, SC"
Virginia,3,Glasgow via Cork
Virginia,16,Long Island - Arizona 
Virginia,1,"Sutherlin, Oregon"
Virginia,1,Ravens Nation  51814
West Virginia,4,Buda Texas
West Virginia,6,"Little Rock, AR"
West Virginia,1,Calgary AB Canada
West Virginia,3,Hogwarts
West Virginia,23,Belle MO
West Virginia,8,Buffalo
West Virginia,3,"Costa Mesa, CA"
West Virginia,7,"Salt Lake City, Utah"
West Virginia,30,London
West Virginia,11,Miami
West Virginia,6,"Ottawa, ON"
West Virginia,7,Dodger Stadium | Disneyland
West Virginia,13,"Vancouver, WA"
West Virginia,3,"Evanston, IL"
West Virginia,4,Left hand seat in flightdeck
West Virginia,1,"Norman, OK"
West Virginia,1,Charleston/Houston
West Virginia,5,Arizona
West Virginia,1,"Scott Depot, WV"
West Virginia,2,Fort Wayne
West Virginia,3,Logan.Utah
West Virginia,1,"San Bruno, CA"
West Virginia,8,"Denver, Colorado"
West Virginia,4,Germany
West Virginia,1,scrummy hooker 
West Virginia,1,Brawley
West Virginia,1,Bushmansted
West Virginia,1,"Beaverton, OR"
West Virginia,5,"Redmond, WA"
West Virginia,1,"Port au Prince, Haiti"
West Virginia,28,"Raleigh, NC"
West Virginia,23,"Dallas, Texas"
West Virginia,1,the friendly skies
West Virginia,3,washington dc
West Virginia,2,Cleveland
West Virginia,8,Indiana
West Virginia,1,Vancouver/Beverly Hills
West Virginia,1,Mill Creek HS
West Virginia,2,Ireland
West Virginia,5,Orlando
West Virginia,3,Kingwood
West Virginia,3,South Carolina 
West Virginia,2,Blackpool
West Virginia,3,"Delray Beach, FL"
West Virginia,7,"Ontario, Canada"
North Carolina,2,lurking in a coffeehouse
North Carolina,1,senior / mount airy
North Carolina,2,Barcelona
North Carolina,7,The Netherlands
North Carolina,1,"gulf coast, FL"
North Carolina,1,pittsburgh pa
North Carolina,2,513/lexingtonKY
North Carolina,1,undecided
North Carolina,3,SOUL CLAP/ STAR TIME/BBE
North Carolina,2,"Apex, NC"
North Carolina,1,New York / Bahamas
North Carolina,4,"Cary, NC"
North Carolina,5,"Chapel Hill, NC"
North Carolina,3,"Raleigh,NC"
North Carolina,1,"Fremont, CA"
North Carolina,1,"Jackson County, Oregon"
North Carolina,2,murfreesboro
North Carolina,6,"las vegas/nashville, TN"
North Carolina,3,Washington-Vancouver-MedellÃ­n
North Carolina,1,"Columbia, South Carolina"
North Carolina,4,"Frisco, Texas"
North Carolina,3,One of the C-gates at EWR.
North Carolina,14,Dallas
North Carolina,2,"Denver, CO. USA"
North Carolina,2,â¢ PSU '19 â¢ faith â¢ 
North Carolina,1,"Midvale, UT"
North Carolina,3,"Waco, TX"
North Carolina,4,"Charlotte, NC | KÃ¶ln, NRW"
North Carolina,1,"dublin, ohio"
North Carolina,22,"Asheville, NC"
North Carolina,1,"Beaufort, South Carolina"
North Carolina,1,interstellar
North Carolina,1,Winterville NC
North Carolina,2,minneapolis
North Carolina,2,South Carolina
North Carolina,10,"Scottsdale, AZ"
North Carolina,1,NEONgarden
North Carolina,8,"columbus, oh"
North Carolina,1,"Naples, FL"
North Carolina,1,Central Pennsylvania
South Carolina,1,"Lexington, MA"
South Carolina,10,North West of England
South Carolina,1,"Chesapeake, VA"
South Carolina,3,Milky Way:Orion Arm:Earth:DFW
South Carolina,1,MichaelKay Ward DeLa Hoya HHH
South Carolina,1,district of columbia
South Carolina,2,"Tuscaloosa, Alabama"
South Carolina,3,"Buffalo, New York"
South Carolina,1,"75 Drayton Park, London, UK"
South Carolina,4,"Moore, OK & Woodway, TX"
South Carolina,3,"Missouri, unfortunately."
South Carolina,1,"Olympia, WA  â Charleston, SC"
South Carolina,1,Brooklyn to Across the Globe
South Carolina,2,Hollywood
South Carolina,1,"Isle of Palms, SC"
South Carolina,1,The Ted Williams Tour
South Carolina,4,Salt Lake City
South Carolina,6,planet earth
South Carolina,1,Little Rock
South Carolina,1,Anderson
South Carolina,6,Central Perk
South Carolina,1,"Clemson, SC"
South Carolina,2,Easley SC
South Carolina,1,"Fort Mill, SC"
South Carolina,5,"Orlando, Florida"
South Carolina,22,new york city
South Carolina,1,"Beaufort, SC"
South Carolina,1,"St. Louis to Parris Island, SC"
South Carolina,6,Ft. Lauderdale
South Carolina,2,Nova Scotia
Georgia,3,New York/New Jersey
Georgia,2,"Suwanee, GA"
Georgia,1,"Tucker,  GA"
Georgia,3,"Duluth, MN"
Georgia,4,Dallas via NYC via the OC
Georgia,5,Tri State NY area...
Georgia,2,"waco, texas"
Georgia,1,THE ROCK - hive
Georgia,11,Atlanta
Georgia,7,"Louisville, KY"
Georgia,1,"Manassas, Virginia"
Georgia,1,"Palo Alto, California"
Georgia,1,Tiger Town
Georgia,2,"Bangkok, Thailand"
Georgia,1,"Lexington, KY"
Georgia,3,Tacoma Washington
Georgia,1,"Windermere, Florida"
Georgia,91,"San Francisco, CA"
Georgia,1,Minnetonka
Georgia,2,Evansville - LA - NOLA
Georgia,2,"Harlem, NYC"
Georgia,1,"Bonaire, GA"
Georgia,3,"Pittsburgh, Pa"
Georgia,1,"Roseville, California"
Georgia,1,"Savannah, GA"
Georgia,1,"Douglas, MA"
Georgia,1,"Hoboken,NJ"
Georgia,3,"Adelaide, South Australia"
Georgia,1,Barneys New York 
Georgia,6,"Boston, MA "
Georgia,1,"Fargo, ND ( & Tucson, AZ)"
Georgia,6,"Nashville,TN"
Georgia,1,Long Island / Albany
Georgia,7,"Omaha, NE"
Georgia,3,Columbus OH
Florida,2,"Callahan, FL"
Florida,2,"NC by day, DC by night...."
Florida,3,"salt lake city, utah"
Florida,2,"Fernandina Beach, FL"
Florida,1,"Honolulu, HI"
Florida,2,"Astoria, New York"
Florida,1,"San Mateo, CA & Las Vegas, NV"
Florida,22,"Tallahassee, FL"
Florida,1,"Panama City, Florida"
Florida,1,Boston | Waltham
Florida,2,New York | Nomad
Florida,1,22nd Century
Florida,1," Bronx, NY / Destin, Fl"
Florida,5,"Bellevue, WA"
Florida,1,"Mount Dora, Florida"
Florida,1,Orlando Florida. (Winter Park)
Florida,4,"Orlando, FL"
Florida,8,"Melbourne, Australia"
Florida,2,"indialantic, fl"
Florida,1,Satellite Beach Fl.
Florida,2,Home sweet Hollywood Home
Florida,10,"Miami, FL"
Florida,6,Miami Beach
Florida,4,"Fort Lauderdale, FL"
Florida,2,West Palm Beach
Florida,2,"Royal Palm Beach, FL, USA"
Florida,2,"Boca Raton, FL"
Florida,1,Jupiter
Florida,4,roblox.com
Florida,1,West Palm Beach 
Florida,2,"Zephyrhills, Florida"
Florida,3,Saint Leo 
Florida,5,"San Antonio, Texas"
Florida,4,sf - austin - sydney
Florida,1,"Valrico, Florida"
Florida,8,"Tampa, Florida"
Florida,1,Largo florida
Florida,6,South Florida 
Florida,4,NY (Globetrotter.ExBonaerense)
Florida,2,"Fort Myers, Florida"
Florida,2,The Center of My Universe
Florida,1,Westeros
Florida,6,"Sarasota, FL"
Florida,1,DC - LA - Venice Beach
Florida,1,"Spring HIll, FL"
Florida,4,Gotham
Florida,1,Oakland via Midwest 
Florida,1,Windermere (seattle)
Alabama,1,"Logan Square, Chi / Austin, TX"
Alabama,2,"birmingham, usa"
Alabama,4,"Detroit, MI"
Alabama,1,Fayette County/Oakland #901
Alabama,16,"Houston, Texas"
Alabama,9,"Kansas City, MO"
Alabama,1,"West Covina, CA"
Alabama,5,Nevada
Alabama,4,Leighton Buzzard
Alabama,2,"North Hollywood, CA"
Alabama,3,"Baltimore, Maryland"
Alabama,1,"Huntsville, AL"
Alabama,5,Nashville/Space
Alabama,1,West Wickham Kent ! 
Alabama,6,Louisville
Alabama,1,"Alexandria, Va"
Alabama,1,The District of Columbia
Alabama,1,Ozarks
Alabama,4,Brooklyn =)
Alabama,2,shopping. anywhere  
Alabama,1,"Orange County, USA"
Alabama,1,"Perdido Key, FL"
Alabama,1,"Mobile, AL."
Alabama,2,"Edmonton, Alberta, Canada"
Alabama,1,"Arlington,Tx"
Alabama,1,"Tyler, Texas"
Alabama,1,"Opelika, Alabama "
Alabama,4,Silicon Valley
Alabama,2,"Needham, MA"
Alabama,1,moving forward... 
Alabama,18,"New York City, NY"
Tennessee,3,Chapel Hill
Tennessee,2,Cali native now in Charlotte
Tennessee,1,gathering just enough moss
Tennessee,2,"Murfreesboro, TN"
Tennessee,6,the one and only TEXAS!!!!
Tennessee,3,"Portland, ME"
Tennessee,4,Nashville
Tennessee,1,"Charleston, WV"
Tennessee,11,Memphis
Tennessee,1,The Rugby Universe 
Tennessee,1,"Salt Lake City, USA"
Tennessee,2,"Louisville, KY "
Tennessee,2,"philadelphia, pa"
Tennessee,1,"Powell, TN"
Tennessee,1,"Arlington, Virginia "
Tennessee,3,"Brighton, UK
"
Tennessee,1,"Collierville, TN USA"
Tennessee,1,Gates Ave- Brooklyn
Tennessee,1,"Grand Junction, Colorado"
Tennessee,1,"Oakland, Ca"
Tennessee,1,houston paris nyc 
Tennessee,4,Nueva York
Tennessee,1,yuma az
Tennessee,4,New Hampshire
Tennessee,1,"Celina, TX"
Mississippi,1,University of Vermont
Mississippi,1,"Walnut Creek, CA when I'm ther"
Mississippi,1,Fl...oating off into space
Mississippi,1,San Francisco & Scottsdale
Mississippi,2,Shawano WI
Mississippi,5,MiamiHoustonDCHouston
Mississippi,1,"Charleston, SC and the Earth"
Mississippi,1,OAKLAND CALIFORNIA
Mississippi,1,Cardiff and London
Mississippi,6,"Lake County, Illinois"
Mississippi,1,Broad & Pattison
Mississippi,2,Raleigh
Mississippi,2,The Lone Star State
Mississippi,3,Washington D.C. 
Mississippi,5,Midwest
Mississippi,1,"Flowood, MS"
Mississippi,2,"Miami/Ft. Lauderdale, FL"
Mississippi,1,"Louisville, KY. "
Mississippi,1,philadelphia
Mississippi,3,Brooklyn by way of Chicago
Mississippi,1,"Long Beach, NY"
Mississippi,2,"Kokomo, IN"
Mississippi,3,Ho-Flo/Columbus/NYC
Georgia,1,Arlington Va
Kentucky,1,"Bardstown, KY"
Kentucky,1,Crestwood
Kentucky,5,"Boston, Massachusetts"
Kentucky,1,"Cadiz/Louisville, Kentucky"
Kentucky,2,"Irvine, Ca"
Kentucky,3,"ORLANDO, FL"
Kentucky,1,Richmond and Virginia Beach
Kentucky,1,"Bushwick, Bkln"
Kentucky,6,"London, UK"
Kentucky,2,Pittsburgh 
Kentucky,9,Southern California
Kentucky,1,"Melbourne, Australia "
Kentucky,1,Bellevue Washington
Kentucky,3,"Washington, DC. "
Kentucky,7,"South Shore, MA"
Kentucky,6,1/1 loner squad
Kentucky,1,"Wrigley, California â"
Kentucky,15,Canada
Kentucky,1,"Maidstone, UK"
Kentucky,1,"Eastern Time, United States"
Kentucky,2,Maryland and Washington D.C.
Kentucky,1,"Philadelphia, PA USA"
Kentucky,1,"Happy Valley, Oregon "
Kentucky,1,"Arlington, Texas"
Kentucky,2,Mentor/Columbus
Kentucky,15,"Austin, Texas"
Kentucky,6,Edmonton
Kentucky,8,"39.0708Â° N, 106.9886Â° W"
Kentucky,1,"Oakland, California"
Kentucky,2,Park City
Kentucky,1,"Q's, Staples Center"
Kentucky,19,Rhode Island
Kentucky,2,"Sacramento, CA 95864"
Kentucky,2,"Buffalo, Ny"
Ohio,3,Santo Domingo 
Ohio,1,London Heathrow.
Ohio,1,"Powell, OH"
Ohio,2,"Urbana, IL"
Ohio,2,"Westerville, Ohio"
Ohio,2,"Columbus,Ohio"
Ohio,1,"Philadelphia, Pa"
Ohio,4,Nashville Tennessee
Ohio,2,Baltimore
Ohio,5,"NEIN, London, or Maui. "
Ohio,3,I'm just a kid from Oak Harbor
Ohio,1,"Fort Wayne, IN"
Ohio,8,Grand Rapids
Ohio,2,"minneapolis, mn"
Ohio,22,McKinney TX
Ohio,4,Oregon
Ohio,2,Bethesda MD
Ohio,1,"Buffalo, New York, Florida"
Ohio,1,"cambridge, maryland"
Ohio,1,"Fresno, CA"
Ohio,1,Amsterdam/Malibu
Ohio,1,Bellaire TX
Ohio,1,Richmond Virginia 
Ohio,22,Toronto
Ohio,1,"Ashtabula, OH"
Ohio,7,"mentor, Ohio"
Ohio,2,Burbank
Ohio,3,"Greenbow, Alabama"
Ohio,1,KENTUCKINMYSHIRT
Ohio,1,Louisville KY 
Ohio,2,"Nashville, tn "
Ohio,2,"Shreveport, Louisiana"
Ohio,1,"Birmingham, Michigan"
Ohio,8,Kansas City
Ohio,1,California/Nevada
Ohio,2,NOVA
Ohio,5,"Ottawa, Ontario"
Ohio,2,"San Antonio, Republic of Texas"
Ohio,1,"Tiffin, Ohio"
Ohio,2,Brossard
Ohio,1,"Loveland, Ohio"
Ohio,1,Terrace Park OH
Ohio,5,"Cincinnati, OH"
Ohio,4,Mannahatta
Ohio,4,Houston Texas
Ohio,10,"Russia, Ð Ð¾ÑÑÐ¸Ñ"
Ohio,1,"Tipp City, Ohio  "
Ohio,3,'Straya'
Ohio,1,Portland
Ohio,1,"Reno, NV"
Ohio,2,syracuse
Ohio,5,"Vancouver, Canada"
Ohio,1,"Algiers, Algeria"
Ohio,1,"arlington, va"
Ohio,4,Inter/Outer-Continental U.S.
Ohio,3,"Ottawa,Canada "
Ohio,1,Scottsdale
Indiana,4,"Austin, TX | Atlanta, GA"
Indiana,1,"Arlington, TX"
Indiana,3,Planet Brooklyn
Indiana,2,"Charlottesville, VA."
Indiana,6,"Indianapolis, IN"
Indiana,1,Calgary
Indiana,2,"Culver City, CA"
Indiana,3,"Elkhart, Indiana"
Indiana,1,"Syracuse, New York"
Indiana,2,Orlando 
Indiana,1,Philadelphia/Cali
Indiana,2,Denver 
Indiana,3,"Albuquerque,New Mexico "
Indiana,4,"Miami, New York, Boston"
Indiana,5,san francisco califorania
Indiana,1,"Champaign/Urbana, IL"
Indiana,6,Austin
Indiana,4,Central NJ
Indiana,3,"Memphis, Tennessee"
Indiana,28,Pekin
Indiana,1,"Sacramento, CA / Columbus, OH"
Indiana,5,boston
Indiana,1,"Portland,OR--Tempe,AZ"
Indiana,1,Bloomington/San Francisco
Indiana,2,NYC/Nashville
Indiana,2,"New Orleans, LA, USA"
Indiana,2,"Washington, DC - USA"
Indiana,2,ft Lauderdale
Indiana,1,Evanston Illinois
Indiana,2,Northern Ireland
Indiana,1,"Chandler, AZ "
Indiana,86,San Francisco
Indiana,2,Brazil
Indiana,2,Brooklyn NY
Indiana,1,"WCHOB, Buffalo, NY"
Michigan,1,âï¸ Birmingham âï¸ Brooklyn âï¸
Michigan,2,Memphis TN
Michigan,1,"Columbus, OH, USA"
Michigan,2,Washington
Michigan,1,Vancouver - Ann Arbor
Michigan,1,Brighton
Michigan,1,erie pa
Michigan,6,"Florida Raised, NYC Based "
Michigan,1,"Wayne,PA USA"
Michigan,2,"Detroit, Michigan "
Michigan,1,"Oak Park, IL"
Michigan,1,Oakland
Michigan,1,"Novi, MI"
Michigan,2,"West Hollywood, CA"
Michigan,2,"Crystal Lake, IL"
Michigan,2,"Raleigh, North Carolina"
Michigan,2,"Charlottesville, Virginia"
Michigan,1,Bey-Land. Eagle Nation.
Michigan,1,Ithaca til May 2015
Michigan,2,New Orleans/Dallas
Michigan,1,Palo Alto CA
Michigan,1,fuckin portland ass oregon
Michigan,3,Saint Louis
Michigan,3,"Winnipeg, MB Canada"
Michigan,1,Kalamazoo & Chicago
Michigan,1,"Grand Junction, CO"
Michigan,2,Nashville TN
Michigan,1,Scottsdale Arizona
Michigan,1,"29 Sawyer Rd., Waltham, MA"
Michigan,2,"Brooklyn, New York"
Michigan,4,"Toronto, Canada"
Michigan,1,Los Angeles/SF/Palo Alto
Michigan,1,"Branchburg, NJ"
Michigan,1,"Grandville, Michigan"
Michigan,1,New Hartley
Michigan,5,Grimsby - UK
Michigan,2,"Grand Rapids, Michigan"
Michigan,2,Indianapolis & environs
Michigan,1,"Lake City, MN"
Michigan,3,"Atlanta, GA USA"
Michigan,5,Fredericton NB
Michigan,2,On the road to paradise
Michigan,1,a cell tower
Michigan,1,Dominican Republic
Michigan,4,"Round Rock, TX"
Iowa,1,Philadelphia PA 
Iowa,1,"Central Sq. Cambridge, MA"
Iowa,4,Colombia
Iowa,2,Galt Gulch
Iowa,5,Flying Giraffe Travel
Iowa,1,Madrid (Spain)
Iowa,1,"Melbourne, Aus"
Iowa,1,AREA 51 NEVADA 
Iowa,9,"Milwaukee, WI"
Iowa,1,"West Des Moines, IA"
Iowa,3,"Des Moines, IA"
Iowa,3,"Ventura, California"
Iowa,2,"Sac City, IA"
Iowa,2,"Austin, but often Denver"
Iowa,1,"Here, There or En Route, "
Iowa,1,"Salt Lake City, Utah "
Iowa,5,"Vail, CO"
Iowa,1,In Oakland; Hoosier at heart
Iowa,1,New York + Panama
Iowa,2,10 Miles South of Nowhere
Iowa,2,Brooklyn NY.
Iowa,1,@ the moment in New Delhi
Iowa,1,Most likely Costco
Iowa,1,bev. hills!
Iowa,5,"Iowa City, IA"
Iowa,1,North Carolina/LosAngeles
Iowa,1,"Palo Alto, CA"
Iowa,2,"Washington DC, New York"
Iowa,1,"Birmingham, AL
"
Iowa,5,Cincinnati
Iowa,14,"Plano, Texas"
Iowa,1,"bettendorf, ia"
Iowa,1,"Charlotte, NorCack"
Wisconsin,1,"Rixensart, Belgium"
Wisconsin,1,"Menomonee Falls, WI, USA"
Wisconsin,4,Sheboygan
Wisconsin,3,"Kenosha, WI"
Wisconsin,6,Milwaukee
Wisconsin,1,Joe Louis Arena/Goggin Ice Ctr
Wisconsin,1,"New York, NY | Brooklyn"
Wisconsin,2,OREGON
Wisconsin,2,"Plain Ol Plano, TX"
Wisconsin,1,NYC/Columbus/Chicago
Wisconsin,3,ONTARIO CANADA
Wisconsin,1,Sunny mountains of Arizona
Wisconsin,2,Brussels
Wisconsin,1,"Egg Harbor, WI"
Wisconsin,1,northern ireland
Wisconsin,4,Montreal
Wisconsin,2,"London, Ontario, Canada"
Wisconsin,3,Hawaii/Dallas/Tucson/LA
Wisconsin,3,Winterfell
Wisconsin,1,"Fort Lauderdale, Fl"
Wisconsin,2,looking for alaska
Wisconsin,1,"neenah, wi"
Minnesota,2,Anoka MN
Minnesota,1,Vuhginyah 
Minnesota,3,"Santiago, Chile"
Minnesota,2,Minneapolis
Minnesota,1,"Grand Rapids, MI"
Minnesota,2,"McKinney, Texas"
Minnesota,1,District of Corruption
Minnesota,14,Virginia
Minnesota,2,"Duluth, GA"
Minnesota,5,austin
Minnesota,3,Houston TX
Minnesota,1,"Mabel, MN"
Minnesota,3,"san marcos,ca"
Minnesota,1,"11 W Boston St Chandler, AZ"
Minnesota,2,"National, based in Texas"
Minnesota,1,"Bellingham, Washington"
Minnesota,1,Lubbock Texas
Minnesota,1,"Oak Park, IL "
Minnesota,2,"Thunder Bay, ON, Canada"
Minnesota,2,The next President of Libya
Minnesota,1,"Calgary, Canada"
Minnesota,1,"Kentucky, USA"
South Dakota,1,"Brookings, SD"
South Dakota,4,ChÃ¢teau d'If
South Dakota,2,"Astoria, NY"
South Dakota,5,toronto
South Dakota,4,Planet Earth
South Dakota,8,Inquiries: CAA  â¢  Miller PR 
South Dakota,1,Mind Tripping
South Dakota,3,"Dallas, TX "
South Dakota,2,"Mission, Kansas"
South Dakota,1,Caywood
South Dakota,1,www.bucknellbison.com
South Dakota,2,"Hermosa Beach, CA"
South Dakota,1,"sunnyvale, ca"
South Dakota,1,"Rockwall, TX USA"
North Dakota,14,Michigan
North Dakota,1,"Mountain View, CA "
North Dakota,1,New Jersey / Munich
North Dakota,10,New York 
North Dakota,3,"Fullerton, CA"
North Dakota,1,SportsCenter
North Dakota,2,Raleigh NC
North Dakota,1,"Solent - Hamble, Lymington"
North Dakota,14,On a beach
North Dakota,10,New England 
North Dakota,1,"Columbus, Ohio USA"
North Dakota,1,Across America
North Dakota,3,"Surrey, UK"
Montana,1,"Columbus, Ohio, USA"
Montana,2,"Fort Smith, Ark."
Montana,2,Out to Brunch with @Kanyewest.
Montana,1,"Rotterdam, the Netherlands"
Montana,1,"Park City, UT"
Montana,1,Capitol Hill D.C. 
Montana,5,"Boulder, CO"
Montana,1,"Bozeman, Montana"
Montana,2,Northern California/MedellÃ­n
Montana,3,"Manhattan, NY"
Montana,1,Los Angeles/Charlotte
Montana,1,Paradise Falls
Montana,1,Kalispell Montana
Illinois,2,"Golftown, USA"
Illinois,1,Great Lakes
Illinois,1,"Berkeley, CA"
Illinois,104,Chicago
Illinois,6,CONCRETE JUNGLE
Illinois,2,manhattan. 
Illinois,7,"Fort Worth, TX"
Illinois,2,Downers Grove
Illinois,3,"Naperville, IL "
Illinois,1,"Oswego, NY"
Illinois,5,"Plano, TX"
Illinois,1,Danmark
Illinois,15,Ohio
Illinois,2,Ottawa/St.Louis
Illinois,1,13Curious
Illinois,1,Vermont
Illinois,1,"Fife, Dunfermline"
Illinois,2,"Liverpool, NY"
Illinois,2,Washington DC Metro
Illinois,3,Las Vegas & Atlanta
Illinois,6,"El Paso, TX"
Illinois,1,"Gridley, CA. "
Illinois,4,Usually in a plane
Illinois,11,San Francisco Bay Area
Illinois,1,Charleston
Illinois,6,"Arkansas, USA"
Illinois,1,Redmond WA 
Illinois,2,"Downtown Dallas, Texas"
Illinois,1,"Spokane, WA"
Illinois,1,"Venice, CA"
Illinois,1,The Land of Twitter
Illinois,1,nyc/nashville/san diego
Illinois,7,Tennessee
Illinois,1,"Annapolis, Maryland"
Illinois,2,PanamÃ¡
Illinois,7,"San Jose, CA"
Illinois,4,West Virginia
Illinois,1,#BrownsNation 
Illinois,1,Fort Lauderdale-Dallas-Boston
Illinois,5,"okinawa, japan"
Illinois,5,#Omaha 
Illinois,1,Where You Wanna Be
Illinois,1,"Hurst, TX"
Illinois,2,Metropolis
Illinois,2,Pittsburgh area
Illinois,1,"raleigh, nc"
Missouri,1,Pacific Northwest
Missouri,2,Washington DC 
Missouri,2,"Saint Louis, MO USA"
Missouri,1,"New Orleans, Louisiana"
Missouri,1,Philadelphia PA
Missouri,2,"Atlanta, GA & St Augustine, FL"
Missouri,2,Murfreesboro- Memphis  
Missouri,1,"Frisco, TX"
Missouri,3,"Kearney, Nebraska"
Missouri,8,"Tulsa, OK"
Missouri,5,"Kansas City, Missouri"
Missouri,4,KCMO
Missouri,1,"Denver, CO, USA"
Missouri,19,Does it really matter
Missouri,3,"Fort Worth, Texas"
Missouri,3,"Buenos Aires, Argentina"
Missouri,1,Amsterdam NL
Missouri,9,"San Francisco, California"
Missouri,1,Dallas/Eugene
Missouri,4,"Sunrise Beach, MO"
Missouri,3," Mexico, D.F."
Missouri,4,"Miami, Florida, USA"
Missouri,1,Duke University Class of 2018
Missouri,2,"Houston TX
"
Missouri,2,"Montreal, Quebec CA"
Missouri,2,hertz's couch 
Missouri,1,"Monett, MO"
Missouri,1,WDVE PITTSBURGH
Missouri,1,"Bali, Republic of Indonesia"
Kansas,2,Chicago / Orlando / airplanes
Kansas,1,ottawa
Kansas,5,Kansas City MO
Kansas,2,"SMALL TOWN, USA"
Kansas,4,my top secret gaming facility
Kansas,3,"Overland Park, KS"
Kansas,2,Far From Home
Kansas,2,Manhattan 
Kansas,1,columbus
Kansas,30,"Las Vegas, NV"
Kansas,1,Pittsburgh â now & forever
Kansas,4,"NYC, Toronto "
Kansas,2,"Washington, DC, USA"
Kansas,2,"Atlanta, Georgia"
Kansas,1,"Nashville, Tennessee"
Kansas,2,"Rocklin, CA"
Kansas,4,"Wichita, Kansas"
Kansas,1,"minneapolis,mn"
Kansas,6,Tampa
Kansas,1,"Rozelle, NSW"
Kansas,1,instagram:Torrinichelle
Kansas,5,St. Catharines
Kansas,8,Long Island
Kansas,1,Living in a Gangsters Paradise
Kansas,4,GEM HQ (aka walk-in closet) NY
Kansas,1,Parkland Fl
Nebraska,1,"Hoops City (Memphis, TN)"
Nebraska,2,"Silicon Valley, California"
Nebraska,1,Washington D.C. / Northern VA
Nebraska,4,"Omaha, Nebraska"
Nebraska,1,The Friendzone
Nebraska,7,Hong Kong
Nebraska,4,Virginia & Cali
Nebraska,2,Northwestern NJ
Nebraska,10,new york
Nebraska,1,"Raleigh, North Carolina, USA"
Nebraska,2,"mclean, va"
Nebraska,1,Naperville
Nebraska,6,Pocos de Caldas
Nebraska,1,ATLANTA 
Nebraska,3,"Loomis, CA (Near SacTown)"
Nebraska,2,OAK
Nebraska,1,"New Orleans, La"
Nebraska,1,"Hershey, PA"
Louisiana,5,"camas, wa"
Louisiana,1,"Los Angeles, New Orleans!"
Louisiana,4,Luxembourg
Louisiana,1,"Slum Village, NY"
Louisiana,2,Sunny Florida
Louisiana,1,"Atascadero, CA"
Louisiana,1,"Boston, MA - Scottsdale, AZ"
Louisiana,1,Washington DC Metro Area
Louisiana,4,Iowa
Louisiana,1,Pride Rock 
Louisiana,2,Sunshine State
Louisiana,1,wherever uncle sam sends me
Louisiana,3,"Baton Rouge, LA"
Louisiana,5,South Florida
Louisiana,1,"Atlanta, Ga. "
Louisiana,1,â¢ Lacrosse ||'17|| Football â¢
Louisiana,3,"Obersulzbach, Germany"
Louisiana,3,"Natchitoches, LA"
Louisiana,1,"La Jolla, California "
Arkansas,3,Southern New Jersey
Arkansas,1,"Nashville, Tn"
Arkansas,1,"washington, d.c."
Arkansas,3,"Austin, TX, USA"
Arkansas,5,"London, England"
Arkansas,5,"College Station, TX"
Arkansas,1,Buck Guy City
Arkansas,2,"Houston, TX, USA"
Arkansas,1,Founder @catapultgrp @ilikeoi
Arkansas,1,Terra Prime
Arkansas,11,"Bay Area, CA"
Arkansas,1,"Chorley, Lancashire"
Arkansas,1,London-Manila
Arkansas,1,The Ohio State University
Arkansas,1,NYC | DC | Charlotte | Vegas
Arkansas,4,Michigan â¡ï¸ Florida
Arkansas,1,GOLD COAST / MELBOURNE
Arkansas,1,"brown deer, wi"
Arkansas,2,"Omaha, NE "
Arkansas,1,Twittersphere
Arkansas,5,London 
Arkansas,6,NYC | NOLA  
Oklahoma,1,Email: Alex@ditmasla.com
Oklahoma,3,"Edmond, Oklahoma"
Oklahoma,1,Cornfields
Oklahoma,1,"Mustang, Oklahoma"
Oklahoma,1,orlando
Oklahoma,1,"Near Washington, DC"
Oklahoma,1,DC/OKC
Oklahoma,3,Oklahoma City
Texas,2,"Austin, Texas area"
Oklahoma,4,Saint Maur des FossÃ©s
Oklahoma,3,Chasing Carmen San Diego
Oklahoma,2,New Jet City
Oklahoma,5,Oklahoma
Oklahoma,1,South Carolina/Nashville
Oklahoma,1,"south gate, california"
Oklahoma,1,I forgot - Earth Maybe??
Oklahoma,17,Massachusetts
Oklahoma,1,Aspiring Disney princessâ¨
Oklahoma,3,"Kansas City, MO USA"
Oklahoma,3,Miami | Puerto Rico 
Oklahoma,1,Rose Bubble
Oklahoma,1,Canadian planted in USA
Oklahoma,1,"okayville, population me"
Oklahoma,1,Midwest + Airplanes
Oklahoma,1,pittsburgh
Oklahoma,3,BB PIN:28AF78F4
Oklahoma,2,"Guadalajara, MÃ©xico"
Oklahoma,1,Instagram: @rad_mika
Oklahoma,5,San Francisco CA
Oklahoma,1,Saint LOUis
Texas,1,PlanoTexas
Texas,1,"Rockwall, TX"
Texas,1,"mckinney, tx"
Texas,1,"Valsayn, Trinidad"
Texas,3,"Dallas,Tx"
Texas,10,DFW
Texas,1,Helsinki Airport
Texas,1,"Dallas, or sometimes Detroit"
Texas,2,"Sands Point, NY"
Texas,1,Atlanta Georgia
Texas,1,Nashville/NYC
Texas,2,Omaha
Texas,3,"Indianapolis, Indiana; USA"
Texas,1,Lone Star State
Texas,1,suburbs of Pittsburgh....
Texas,5,"Vancouver, CA"
Texas,1,"Rialto, Ca"
Texas,1,this place called NYC
Texas,3,"Euless, Texas"
Texas,2,Dallas Fort Worth
Texas,3,Loving the Languageof Literacy
Texas,1,"Wichita Falls, Texas"
Texas,5,san francisco
Texas,3,"St. Augustine, Florida"
Texas,2,Italy
Texas,1,"charlotte, north carolina"
Texas,4,midwest and sometimes Spain
Texas,15,Earth
Texas,1,"Bend, OR"
Texas,4,"London, ON'"
Texas,1,Where the miles are
Texas,1,BrendaPriddyAndCompany.com
Texas,2,The 2nd star to the right 
Texas,2,"Carlsbad, CA"
Texas,1,"Silver Spring,MD"
Texas,1,HOUSTON 
Texas,5,Someplace saving something
Texas,3,"CO Springs, Occupied Colorado"
Texas,1,UK / Canada / etc
Texas,1,"Rosenberg, Texas"
Texas,3,"Beijing, China"
Texas,2,Nederland
Texas,4,College Station
Texas,1,"WASHINGTON HEIGHTS, NYC "
Texas,1,"Charlotte,NC"
Texas,1,"New Braunfels, TX"
Texas,4,San Antonio
Texas,38,San Diego
Texas,6,Corpus Christi
Texas,1,This is an AD account. 18+
Texas,1,Roma
Texas,1,San Juan Capistrano
Texas,1,"Santa Maria, Califoria"
Texas,1,"Santa Rosa, CA"
Texas,2,Costa Mesa
Texas,1,"Ft. Lauderdale, FL"
Texas,1,"San Marcos, CA"
Texas,7,H-town
Texas,10,South
Texas,1,"Uvalde, TX"
Texas,4,earth
Texas,1,Happy Valley
Texas,1,"McLean, VA"
Texas,3,"Miami Beach, Florida"
Texas,21,Las Vegas
Texas,1,Memphis (901-683-0989)
Texas,1,"Telluride, CO"
Texas,1,"  || san antonio, texas||"
Texas,1,The Great Loop
Texas,2,Posted
Texas,1,"Lubbock, TX"
Texas,1,"Miramar, Florida"
Texas,1,"New York, NY | Orlando, FL"
Colorado,1,"Broomfield, CO"
Colorado,1,denver
Colorado,3,Boulder
Colorado,9,Pursuit of Happiness
Colorado,4,new yorker stranded in PA
Colorado,1,"Steamboat Springs, CO"
Colorado,1,"Winter Park, FL "
Colorado,1,"San Antonio, TX / Boston, MA"
Colorado,3,"Colorado Springs, Colorado USA"
Colorado,1,"Pueblo, CO"
Colorado,1,"Hollywood, FL"
Colorado,1,at Lil Kim's House 
Colorado,7,Puerto Rico
Colorado,2,Austin Texas
Colorado,1,"Aspen, Colorado"
Colorado,1,"Mesa, AZ
"
Wyoming,2,Bad Wolf Bay
Wyoming,2,"boulder, co"
Idaho,1,"San Marcos, Texas"
Idaho,4,SÃ£o Paulo
Idaho,1,Edmonton International Airport
Idaho,3,Hanging with Carmen Sandiego.
Idaho,1,"Atlanta, Ga"
Idaho,6,Chicagoland
Idaho,4,"Boise, ID"
Idaho,3,"Santa Cruz, CA"
Utah,1,"Sandy Eggo, California "
Utah,2,JAWJA
Utah,3,SLC | LA 
Utah,4,"San Francisco, Ca"
Utah,4,"Provo, UT"
Utah,2,"Boulder, CO | Los Angeles, CA"
Utah,3,Central Ohio
Utah,1,Floating in the Pacific
Utah,2,Virginia.
Utah,1,Washington D.C. / Chicago
Arizona,2,"Phoenix, Az"
Arizona,3,"Tempe, AZ & World Wide"
Arizona,1,"Major metro area, USA"
Arizona,1,561 âï¸ da globe
Arizona,2,Central Texas
Arizona,3,Miami 
Arizona,4,Tucson
Arizona,2,1-800-JETBLUE
Arizona,1,"Window Rock, Arizona"
New Mexico,5,"Albuquerque, NM"
New Mexico,5,DC/SF/BFLO
New Mexico,3,"San Jose, Ca"
New Mexico,3,Las Vegas 
New Mexico,3,"Miami, Florida"
New Mexico,1,Boca Raton FL 33434
New Mexico,1,New York City/San Antonio
New Mexico,1,"Las Cruces, NM"
New Mexico,1,Carlsbad | CA
New Mexico,1,"palo alto, ca"
New Mexico,1,sacramento.ca.usa
New Mexico,1,des moines
Nevada,1,"Manhattan Beach, CA"
Nevada,1,SF Bay Area/ Las Vegas
Nevada,1,Austin Â· LA Â· London Â· NY Â· SF
California,64,Los Angeles
California,8,south beach/ LA / NC
California,1,hermosa beach california
California,1,"Malibu, CA"
California,1,Marina Del Rey
California,3,"Santa Monica, CA"
California,1,"Long Beach, CA"
California,2,LBK
California,1,"Calabasas, California"
California,1,"Northridge, CA"
California,1,"Studio City, CA"
California,1,west covina
California,1,Barrie | Ontario | Canada
California,1,"Carlsbad, So Cal from Hawaii"
California,1,"La Jolla, CA "
California,26,"San Diego, CA"
California,2,"Palm Springs, CA"
California,2,Lake Arrowhead
California,4,"Redlands, CA"
California,1,"New York, US; Tanzania, Africa"
California,1,"Irvine, CA"
California,2,"Aliso Viejo, CA"
California,1,"Santa Ana, California"
California,2,anaheim
California,2,Wherever my breath takes me 
California,1,Santa Barbara CA
California,1,#DFWLittleRockMempLAVegas#MS#
California,1,"Seaside, California"
California,3,"Brisbane, Australiaaa!"
California,1,"Pescadero, CA"
California,3,"San Francisco Bay Area, USA"
California,1,"Sacramento,California"
California,1,"Napa, CA"
California,1,Pittsburgh PA
California,2,"Mill Valley, CA"
California,1,"Los Gatos, CA "
California,2,"Boston, MA | San Jose, CA"
California,1,UNICEF NYHQ
California,1,"new orleans, la"
California,2,Cool suburb N. of Dallas
California,1,"Sugarhood, SLC"
California,1,Orlando - ÎÎ£Î¥
California,1,washington
US Armed Forces Pacific,2,Indianapolis 
Hawaii,8,"Hilo, HI"
Hawaii,2,"Keauhou, Hawaii USA"
Northern Mariana Islands,1,"Saipan, MP"
Oregon,2,"dallas, TX"
Oregon,1,Detroit
Oregon,1,Orlando.South Beach.Vegas
Oregon,1,Tidewater - Virginia
Oregon,1,NorCal - Eugene - Indianapolis
Oregon,2,"Phoenix, AZ, USA"
Oregon,1,prensa: @talentolatinotv
Oregon,1,London via Adelaide
Oregon,2,"driving, probably"
Oregon,2,America's Dairyland
Oregon,1,with my brothers
Oregon,1,PostVegasDepression in Texsus
Oregon,1,"Ottawa, Ontario, The Universe"
Washington,1,"Mountlake Terrace, WA"
Washington,1,"Lower Pacific Heights, SF, CA"
Washington,3,"Renton, WA"
Washington,34,Seattle
Washington,3,Gig Harbor
Washington,1,Nube de la Reign
Washington,2,"Sequim, WA"
Washington,1,New York/Long Beach
Washington,3,"Vancouver, BC"
Washington,2,"Silicon Valley, CA"
Alaska,3,Indiana!
Alaska,1,"cheektowaga, ny"
Alaska,1,"H-Town Houston, Texas"
Alaska,2,"Western Massachusetts, USA"
Alaska,2,central mass
Alaska,3,"Tokyo, Japan"
